,"Dirección de correo","1.1. INTRODUCCIÓN AL CURSO",,"1.2. OBJETIVO GENERAL DEL CURSO",,"1.3. PRETEST",,"2.1. INICIEMOS EL VIAJE",,"2.2. OBJETIVO ESPECÍFICO DEL MÓDULO",,"2.3 ¿QUÉ SON LOS DERECHOS SEXUALES Y LOS DERECHOS REPRODUCTIVOS?",,"2.4. ORIGEN Y CONTEXTO LOS DERECHOS SEXUALES Y LOS DERECHOS REPRODUCTIVOS",,"2.4.1. PRESENTACIÓN",,"2.5. DIVERSIDAD SEXUAL Y DE GÉNERO",,"2.5.1. PRESENTACIÓN",,"2.6. CONSENTIMIENTO SEXUAL, AUTOEROTISMO, PLACER Y RELACIONES SANAS",,"2.6.1. PRESENTACIÓN",,"2.7. ANATOMÍA SEXUAL Y REPRODUCTIVA MASCULINA Y FEMENINA",,"2.7.1. PRESENTACIÓN",,"2.7.2. EJERCICIO DIDÁCTICO",,"2.8 SEXUALIDAD Y RIESGOS DIGITALES",,"2.8.1. PRESENTACIÓN",,"2.9 NUEVAS MASCULINIDADES",,"2.9.1. PRESENTACIÓN",,"2.10 ¿POR QUÉ HABLAR DE MENSTRUACIÓN?",,"2.10.1. PRESENTACIÓN",,"2.11. ACTIVIDAD &quot;GALLETA DE GÉNERO&quot;",,"3.1. LO QUE DEBES SABER ANTES DE INICIAR",,"3.2. OBJETIVO ESPECÍFICO DEL MÓDULO",,"3.3. MÉTODOS ANTICONCEPTIVOS",,"3.4. INTERRUPCIÓN VOLUNTARIA DEL EMBARAZO (IVE)",,"3.5. ACTIVIDAD “CONECTA Y APRENDE: CONCEPTOS CLAVE SOBRE LA IVE”",,"3.6. ANTICONCEPCIÓN E IVE",,"3.7. MATERIAL EDUCATIVO",,"4.1. HAZ DE TU CUERPO TU MEJOR ALIADO",,"4.2. OBJETIVO ESPECÍFICO DEL MÓDULO",,"4.3. ¿QUÉ SON LAS INFECCIONES DE TRANSMISIÓN SEXUAL (ITS)?",,"4.4. ¿QUÉ ES EL VIH / SIDA?",,"4.5. TIPOS DE ITS",,"4.6. POSIBLES FACTORES DE RIESGO",,"4.7. FACTORES PROTECTORES",,"4.8. ACTIVIDAD “LO QUE DEBES SABER DEL VIH Y LAS ITS”",,"4.9. ITS",,"5.1. BIENVENIDA",,"5.2. OBJETIVO ESPECÍFICO",,"5.3.  CONSTRUYENDO TU PROYECTO DE VIDA",,"5.4.  ACTIVIDAD “ÁRBOL DE PROYECTO DE VIDA”",,"5.4.1. PRESENTACIÓN",,"5.5.  HABILIDADES PARA LA VIDA",,"5.5.1 CRUCIGRAMA",,"5.5.2. PRESENTACIÓN",,"5.6.  TEJIDO SOCIAL: FUNDAMENTO DE COMUNIDADES FUERTES Y RESILIENTES",,"5.7.  IMPORTANCIA DEL TEJIDO SOCIAL",,"5.7.1. PRESENTACIÓN",,"5.8.  PARTICIPACIÓN SOCIAL Y CIUDADANA",,"5.8.1. PRESENTACIÓN",,"5.9. MATERIAL EDUCATIVO",,"5.9. MATERIAL EDUCATIVO: VIDEO ¿QUÉ SON LOS CONSEJOS DE JUVENTUD?",,"5.10. MATERIAL EDUCATIVO: VIDEO ¿QUÉ SON LAS PLATAFORMAS DISTRITALES DE JUVENTUDES?",,"6.1. PREÁMBULO",,"6.2. OBJETIVO ESPECÍFICO",,"6.3. ¿QUÉ ENTENDEMOS POR SALUD MENTAL?",,"6.4. NUEVAS ADICCIONES",,"6.5. PREVENCIÓN DEL CONSUMO DE SPA",,"6.5.1. VIDEO: PREVENCIÓN DEL CONSUMO DE SPA",,"6.6. TRASTORNOS ALIMENTICIOS",,"6.7. PREVENCIÓN DEL SUICIDIO: UN COMPROMISO DE TODOS",,"6.8. TIPOS DE VIOLENCIA: UNA MIRADA INTEGRAL",,"6.9. FACTORES PROTECTORES CONTRA LA VIOLENCIA",,"6.10. MATERIAL EDUCATIVO",,"6.11. POSIBLES FACTORES DE RIESGO (VIOLENTÓMETRO)",,"6.12. RUTAS DE ATENCIÓN INTEGRAL EN VIOLENCIAS",,"8.1. POSTEST",,"8.2. ENCUESTA DE SATISFACCIÓN",,"8.3. CERTIFICADO",
"Kristian Daniel Agudelo Carvajal",kagudelocarvajal@gmail.com,Finalizado,"2025-12-11 10:59:49",Finalizado,"2025-12-11 10:59:54",Finalizado,"2025-12-11 11:00:24",Finalizado,"2025-12-11 11:00:39",Finalizado,"2025-12-11 11:00:46",Finalizado,"2025-12-11 11:00:50",Finalizado,"2025-12-11 11:00:56",Finalizado,"2025-12-11 11:01:00",Finalizado,"2025-12-11 11:01:04",Finalizado,"2025-12-11 11:01:08",Finalizado,"2025-12-11 11:01:13",Finalizado,"2025-12-11 11:01:17",Finalizado,"2025-12-11 11:01:21",Finalizado,"2025-12-11 11:01:25",Finalizado,"2025-12-11 11:02:15",Finalizado,"2025-12-11 11:02:24",Finalizado,"2025-12-11 11:02:29",Finalizado,"2025-12-11 11:02:34",Finalizado,"2025-12-11 11:02:39",Finalizado,"2025-12-11 11:02:44",Finalizado,"2025-12-11 11:02:48",Finalizado,"2025-12-11 11:03:04",Finalizado,"2025-12-11 11:03:16",Finalizado,"2025-12-11 11:03:24",Finalizado,"2025-12-11 11:03:29",Finalizado,"2025-12-11 11:03:33","Finalizado (ha alcanzado la califiación de aprobado)","2025-12-11 11:12:16",Finalizado,"2025-12-11 11:12:41",Finalizado,"2025-12-11 11:12:50",Finalizado,"2025-12-11 11:12:59",Finalizado,"2025-12-11 11:13:05",Finalizado,"2025-12-11 11:13:10",Finalizado,"2025-12-11 11:13:15",Finalizado,"2025-12-11 11:13:21",Finalizado,"2025-12-11 11:13:25",Finalizado,"2025-12-11 11:13:30",Finalizado,"2025-12-11 11:13:56",Finalizado,"2025-12-11 11:14:22",Finalizado,"2025-12-11 11:14:29",Finalizado,"2025-12-11 11:14:34",Finalizado,"2025-12-11 11:14:40",Finalizado,"2025-12-11 11:15:13",Finalizado,"2025-12-11 11:15:20",Finalizado,"2025-12-11 11:15:25",Finalizado,"2025-12-11 11:15:38",Finalizado,"2025-12-11 11:15:51",Finalizado,"2025-12-11 11:15:56",Finalizado,"2025-12-11 11:16:01",Finalizado,"2025-12-11 11:16:05",Finalizado,"2025-12-11 11:16:10",Finalizado,"2025-12-11 11:16:15","No finalizado",,Finalizado,"2025-12-11 11:16:19",Finalizado,"2025-12-11 11:16:24",Finalizado,"2025-12-11 11:16:29",Finalizado,"2025-12-11 11:16:35",Finalizado,"2025-12-11 11:16:40",Finalizado,"2025-12-11 11:16:44",Finalizado,"2025-12-11 11:16:49",Finalizado,"2025-12-11 11:16:59",Finalizado,"2025-12-11 11:17:08",Finalizado,"2025-12-11 11:17:12",Finalizado,"2025-12-11 11:17:16",Finalizado,"2025-12-11 11:17:21",Finalizado,"2025-12-11 11:17:25",Finalizado,"2025-12-11 11:17:30",Finalizado,"2025-12-11 11:17:35","Finalizado (ha alcanzado la califiación de aprobado)","2025-12-11 11:23:02",Finalizado,"2025-12-11 11:23:25",Finalizado,"2025-12-11 11:23:38"
"Laura Sofia Betancourt",betancourtlaura481@gmail.com,Finalizado,"2025-12-10 07:25:32",Finalizado,"2025-12-10 07:25:48",Finalizado,"2025-12-10 07:29:08",Finalizado,"2025-12-10 07:29:31",Finalizado,"2025-12-10 07:29:36",Finalizado,"2025-12-10 07:29:40",Finalizado,"2025-12-10 07:29:48",Finalizado,"2025-12-10 07:29:53",Finalizado,"2025-12-10 07:29:58",Finalizado,"2025-12-10 07:30:03",Finalizado,"2025-12-10 07:30:08",Finalizado,"2025-12-10 07:30:13",Finalizado,"2025-12-10 07:30:20",Finalizado,"2025-12-10 07:30:26",Finalizado,"2025-12-10 07:34:25",Finalizado,"2025-12-10 07:34:33",Finalizado,"2025-12-10 07:34:38",Finalizado,"2025-12-10 07:34:43",Finalizado,"2025-12-10 07:34:49",Finalizado,"2025-12-10 07:34:58",Finalizado,"2025-12-10 07:35:10",Finalizado,"2025-12-10 07:35:40",Finalizado,"2025-12-10 07:35:47",Finalizado,"2025-12-10 07:35:52",Finalizado,"2025-12-10 07:35:59",Finalizado,"2025-12-10 07:36:05","Finalizado (ha alcanzado la califiación de aprobado)","2025-12-10 07:37:10",Finalizado,"2025-12-10 07:37:24",Finalizado,"2025-12-10 07:37:43",Finalizado,"2025-12-10 07:37:49",Finalizado,"2025-12-10 07:37:57",Finalizado,"2025-12-10 07:38:18",Finalizado,"2025-12-10 07:38:24",Finalizado,"2025-12-10 07:38:29",Finalizado,"2025-12-10 07:38:34",Finalizado,"2025-12-10 07:38:39",Finalizado,"2025-12-10 07:39:37",Finalizado,"2025-12-10 07:39:49",Finalizado,"2025-12-10 07:39:56",Finalizado,"2025-12-10 07:40:02",Finalizado,"2025-12-10 07:40:08",Finalizado,"2025-12-10 07:41:57",Finalizado,"2025-12-10 07:42:03",Finalizado,"2025-12-10 07:42:07",Finalizado,"2025-12-10 07:45:58",Finalizado,"2025-12-10 07:46:17",Finalizado,"2025-12-10 07:46:23",Finalizado,"2025-12-10 07:46:27",Finalizado,"2025-12-10 07:46:31",Finalizado,"2025-12-10 07:46:36",Finalizado,"2025-12-10 07:47:26","No finalizado",,Finalizado,"2025-12-10 07:47:32",Finalizado,"2025-12-10 07:47:38",Finalizado,"2025-12-10 07:47:44",Finalizado,"2025-12-10 07:47:51",Finalizado,"2025-12-10 07:47:56",Finalizado,"2025-12-10 07:48:01",Finalizado,"2025-12-10 07:48:09",Finalizado,"2025-12-10 07:48:24",Finalizado,"2025-12-10 07:48:36",Finalizado,"2025-12-10 07:48:48",Finalizado,"2025-12-10 07:48:57",Finalizado,"2025-12-10 07:49:07",Finalizado,"2025-12-10 07:49:13",Finalizado,"2025-12-10 07:49:18",Finalizado,"2025-12-10 07:49:24","Finalizado (ha alcanzado la califiación de aprobado)","2025-12-10 07:54:40",Finalizado,"2025-12-10 07:55:02",Finalizado,"2025-12-10 07:57:11"
"Sara Pedraza Cabrera",saripc@gmail.com,Finalizado,"2025-12-09 14:59:39",Finalizado,"2025-12-09 14:59:59",Finalizado,"2025-12-09 15:16:08",Finalizado,"2025-12-09 22:01:00",Finalizado,"2025-12-09 22:01:15",Finalizado,"2025-12-09 22:01:39",Finalizado,"2025-12-09 22:01:53",Finalizado,"2025-12-09 22:02:11",Finalizado,"2025-12-09 22:02:50",Finalizado,"2025-12-09 22:03:04",Finalizado,"2025-12-09 22:03:21",Finalizado,"2025-12-09 22:03:31",Finalizado,"2025-12-09 22:03:45",Finalizado,"2025-12-09 22:03:55",Finalizado,"2025-12-09 22:15:41",Finalizado,"2025-12-09 22:15:54",Finalizado,"2025-12-09 22:16:04",Finalizado,"2025-12-09 22:16:43",Finalizado,"2025-12-09 22:16:59",Finalizado,"2025-12-09 22:17:36",Finalizado,"2025-12-09 22:17:45",Finalizado,"2025-12-09 22:18:28",Finalizado,"2025-12-09 22:19:26",Finalizado,"2025-12-09 22:19:39",Finalizado,"2025-12-09 22:19:51",Finalizado,"2025-12-09 22:20:05","Finalizado (ha alcanzado la califiación de aprobado)","2025-12-10 09:35:01",Finalizado,"2025-12-10 09:35:37",Finalizado,"2025-12-10 09:35:45",Finalizado,"2025-12-10 09:35:58",Finalizado,"2025-12-10 09:36:04",Finalizado,"2025-12-10 09:36:26",Finalizado,"2025-12-10 09:36:33",Finalizado,"2025-12-10 09:36:54",Finalizado,"2025-12-10 09:37:00",Finalizado,"2025-12-10 09:37:15",Finalizado,"2025-12-10 09:37:38",Finalizado,"2025-12-10 09:37:50",Finalizado,"2025-12-10 09:37:58",Finalizado,"2025-12-10 09:38:03",Finalizado,"2025-12-10 09:38:08",Finalizado,"2025-12-10 09:39:18",Finalizado,"2025-12-10 09:39:24",Finalizado,"2025-12-10 09:39:30",Finalizado,"2025-12-10 09:43:00",Finalizado,"2025-12-10 09:43:31",Finalizado,"2025-12-10 09:43:37",Finalizado,"2025-12-10 09:43:43",Finalizado,"2025-12-10 09:43:49",Finalizado,"2025-12-10 09:43:55",Finalizado,"2025-12-10 09:44:00","No finalizado",,Finalizado,"2025-12-10 09:44:05",Finalizado,"2025-12-10 09:44:11",Finalizado,"2025-12-10 09:44:17",Finalizado,"2025-12-10 09:44:25",Finalizado,"2025-12-10 09:44:34",Finalizado,"2025-12-10 09:44:38",Finalizado,"2025-12-10 09:44:45",Finalizado,"2025-12-10 09:45:18",Finalizado,"2025-12-10 09:45:31",Finalizado,"2025-12-10 09:45:38",Finalizado,"2025-12-10 09:45:45",Finalizado,"2025-12-10 09:45:49",Finalizado,"2025-12-10 09:45:56",Finalizado,"2025-12-10 09:46:01",Finalizado,"2025-12-10 09:46:09","Finalizado (ha alcanzado la califiación de aprobado)","2025-12-10 09:49:22",Finalizado,"2025-12-10 09:49:58",Finalizado,"2025-12-10 09:50:28"
"Juan David Campos Lubo",juancamposlugo@gmail.com,Finalizado,"2025-12-09 14:41:41",Finalizado,"2025-12-09 14:42:31",Finalizado,"2025-12-09 14:52:58",Finalizado,"2025-12-11 10:42:35",Finalizado,"2025-12-11 10:43:16",Finalizado,"2025-12-11 10:43:26",Finalizado,"2025-12-11 10:43:43",Finalizado,"2025-12-11 10:44:02",Finalizado,"2025-12-11 10:44:13",Finalizado,"2025-12-11 10:44:26",Finalizado,"2025-12-11 10:44:36",Finalizado,"2025-12-11 10:45:07",Finalizado,"2025-12-11 10:45:16",Finalizado,"2025-12-11 10:45:26",Finalizado,"2025-12-11 11:12:44",Finalizado,"2025-12-11 11:12:57",Finalizado,"2025-12-11 11:13:06",Finalizado,"2025-12-11 11:13:16",Finalizado,"2025-12-11 11:13:34",Finalizado,"2025-12-11 11:13:49",Finalizado,"2025-12-11 11:13:57",Finalizado,"2025-12-11 11:14:30",Finalizado,"2025-12-11 11:15:13",Finalizado,"2025-12-11 11:15:22",Finalizado,"2025-12-11 11:15:30",Finalizado,"2025-12-11 11:15:39","Finalizado (ha alcanzado la califiación de aprobado)","2025-12-11 11:19:37",Finalizado,"2025-12-11 11:20:11",Finalizado,"2025-12-11 11:20:19",Finalizado,"2025-12-11 11:20:44",Finalizado,"2025-12-11 11:20:51",Finalizado,"2025-12-11 11:20:59",Finalizado,"2025-12-11 11:21:07",Finalizado,"2025-12-11 11:21:13",Finalizado,"2025-12-11 11:21:20",Finalizado,"2025-12-11 11:21:29",Finalizado,"2025-12-11 11:22:00",Finalizado,"2025-12-11 11:22:08",Finalizado,"2025-12-11 11:22:24",Finalizado,"2025-12-11 11:22:32",Finalizado,"2025-12-11 11:22:39",Finalizado,"2025-12-11 11:31:07",Finalizado,"2025-12-11 11:31:31",Finalizado,"2025-12-11 11:31:41",Finalizado,"2025-12-11 11:37:21",Finalizado,"2025-12-11 11:42:00",Finalizado,"2025-12-11 11:42:10",Finalizado,"2025-12-11 11:42:19",Finalizado,"2025-12-11 11:42:27",Finalizado,"2025-12-11 11:42:34",Finalizado,"2025-12-11 11:42:41","No finalizado",,Finalizado,"2025-12-11 11:42:49",Finalizado,"2025-12-11 11:42:56",Finalizado,"2025-12-11 11:43:29",Finalizado,"2025-12-11 11:43:36",Finalizado,"2025-12-11 11:43:45",Finalizado,"2025-12-11 11:43:53",Finalizado,"2025-12-11 11:44:00",Finalizado,"2025-12-11 11:45:11",Finalizado,"2025-12-11 11:45:18",Finalizado,"2025-12-11 11:45:25",Finalizado,"2025-12-11 11:45:34",Finalizado,"2025-12-11 11:45:42",Finalizado,"2025-12-11 11:45:50",Finalizado,"2025-12-11 11:45:59",Finalizado,"2025-12-11 11:46:08","Finalizado (ha alcanzado la califiación de aprobado)","2025-12-11 11:50:42",Finalizado,"2025-12-11 11:51:41",Finalizado,"2025-12-11 11:51:56"
"Samuel Alejandro Campos Lubo",camposlubo48@gmail.com,Finalizado,"2025-12-11 11:55:23",Finalizado,"2025-12-11 11:55:31",Finalizado,"2025-12-11 11:59:45",Finalizado,"2025-12-11 12:01:26",Finalizado,"2025-12-11 12:01:32",Finalizado,"2025-12-11 12:02:13",Finalizado,"2025-12-11 12:02:21",Finalizado,"2025-12-11 12:02:28",Finalizado,"2025-12-11 12:02:35",Finalizado,"2025-12-11 12:02:42",Finalizado,"2025-12-11 12:02:48",Finalizado,"2025-12-11 12:02:55",Finalizado,"2025-12-11 12:03:04",Finalizado,"2025-12-11 12:03:13",Finalizado,"2025-12-11 12:06:34",Finalizado,"2025-12-11 12:06:54",Finalizado,"2025-12-11 12:07:02",Finalizado,"2025-12-11 12:07:12",Finalizado,"2025-12-11 12:07:21",Finalizado,"2025-12-11 12:09:55",Finalizado,"2025-12-11 12:10:04",Finalizado,"2025-12-11 12:10:44",Finalizado,"2025-12-11 12:11:04",Finalizado,"2025-12-11 12:11:11",Finalizado,"2025-12-11 12:11:18",Finalizado,"2025-12-11 12:11:24","Finalizado (ha alcanzado la califiación de aprobado)","2025-12-11 12:19:43",Finalizado,"2025-12-11 12:19:55",Finalizado,"2025-12-11 12:20:03",Finalizado,"2025-12-11 12:20:22",Finalizado,"2025-12-11 12:20:31",Finalizado,"2025-12-11 12:20:38",Finalizado,"2025-12-11 12:20:44",Finalizado,"2025-12-11 12:20:51",Finalizado,"2025-12-11 12:20:59",Finalizado,"2025-12-11 12:21:11",Finalizado,"2025-12-11 12:21:45",Finalizado,"2025-12-11 12:21:53",Finalizado,"2025-12-11 12:22:24",Finalizado,"2025-12-11 12:22:32",Finalizado,"2025-12-11 12:22:39",Finalizado,"2025-12-11 12:26:07",Finalizado,"2025-12-11 12:26:40",Finalizado,"2025-12-11 12:26:56",Finalizado,"2025-12-11 12:30:17",Finalizado,"2025-12-11 12:33:16",Finalizado,"2025-12-11 12:33:26",Finalizado,"2025-12-11 12:33:35",Finalizado,"2025-12-11 12:33:42",Finalizado,"2025-12-11 12:33:50",Finalizado,"2025-12-11 12:33:58","No finalizado",,Finalizado,"2025-12-11 12:34:06",Finalizado,"2025-12-11 12:34:13",Finalizado,"2025-12-11 12:34:32",Finalizado,"2025-12-11 12:34:38",Finalizado,"2025-12-11 12:34:45",Finalizado,"2025-12-11 12:34:51",Finalizado,"2025-12-11 12:34:58",Finalizado,"2025-12-11 12:35:08",Finalizado,"2025-12-11 12:35:13",Finalizado,"2025-12-11 12:35:21",Finalizado,"2025-12-11 12:35:28",Finalizado,"2025-12-11 12:35:35",Finalizado,"2025-12-11 12:35:45",Finalizado,"2025-12-11 12:35:53",Finalizado,"2025-12-11 12:36:05","Finalizado (ha alcanzado la califiación de aprobado)","2025-12-11 12:40:09",Finalizado,"2025-12-11 12:40:27",Finalizado,"2025-12-11 12:40:38"
"Kelly Rodriguez Carvajal",kellydayana12@gmail.com,Finalizado,"2025-12-10 01:23:57",Finalizado,"2025-12-10 01:24:15",Finalizado,"2025-12-10 01:28:27",Finalizado,"2025-12-10 01:29:00",Finalizado,"2025-12-10 01:29:05",Finalizado,"2025-12-10 01:29:29",Finalizado,"2025-12-10 01:29:35",Finalizado,"2025-12-10 01:29:40",Finalizado,"2025-12-10 01:29:45",Finalizado,"2025-12-10 01:29:49",Finalizado,"2025-12-10 01:29:53",Finalizado,"2025-12-10 01:29:57",Finalizado,"2025-12-10 01:30:03",Finalizado,"2025-12-10 01:30:16",Finalizado,"2025-12-10 01:34:51",Finalizado,"2025-12-10 01:35:04",Finalizado,"2025-12-10 01:35:09",Finalizado,"2025-12-10 01:35:15",Finalizado,"2025-12-10 01:37:26",Finalizado,"2025-12-10 01:37:35",Finalizado,"2025-12-10 01:37:45",Finalizado,"2025-12-10 01:38:25",Finalizado,"2025-12-10 01:38:51",Finalizado,"2025-12-10 01:38:56",Finalizado,"2025-12-10 01:39:11",Finalizado,"2025-12-10 01:39:16","Finalizado (ha alcanzado la califiación de aprobado)","2025-12-10 01:46:57",Finalizado,"2025-12-10 01:47:12",Finalizado,"2025-12-10 01:47:26",Finalizado,"2025-12-10 01:47:43",Finalizado,"2025-12-10 01:47:47",Finalizado,"2025-12-10 01:47:56",Finalizado,"2025-12-10 01:48:02",Finalizado,"2025-12-10 01:48:30",Finalizado,"2025-12-10 01:48:34",Finalizado,"2025-12-10 01:49:17",Finalizado,"2025-12-10 01:49:51",Finalizado,"2025-12-10 01:50:02",Finalizado,"2025-12-10 01:50:10",Finalizado,"2025-12-10 01:50:14",Finalizado,"2025-12-10 01:50:26",Finalizado,"2025-12-10 01:51:31",Finalizado,"2025-12-10 01:51:39",Finalizado,"2025-12-10 01:51:52",Finalizado,"2025-12-10 02:02:06",Finalizado,"2025-12-10 02:02:21",Finalizado,"2025-12-10 02:02:26",Finalizado,"2025-12-10 02:02:30",Finalizado,"2025-12-10 02:02:34",Finalizado,"2025-12-10 02:02:39",Finalizado,"2025-12-10 02:02:43","No finalizado",,Finalizado,"2025-12-10 02:02:48",Finalizado,"2025-12-10 02:02:52",Finalizado,"2025-12-10 02:02:57",Finalizado,"2025-12-10 02:03:02",Finalizado,"2025-12-10 02:03:05",Finalizado,"2025-12-10 02:03:09",Finalizado,"2025-12-10 02:03:14",Finalizado,"2025-12-10 02:03:27",Finalizado,"2025-12-10 02:03:40",Finalizado,"2025-12-10 02:03:45",Finalizado,"2025-12-10 02:03:51",Finalizado,"2025-12-10 02:03:56",Finalizado,"2025-12-10 02:03:59",Finalizado,"2025-12-10 02:04:03",Finalizado,"2025-12-10 02:04:07","Finalizado (ha alcanzado la califiación de aprobado)","2025-12-10 02:08:14",Finalizado,"2025-12-10 02:08:34",Finalizado,"2025-12-10 02:08:45"
"Juan Manuel Epia Plaza",lumbares16@gmail.com,Finalizado,"2025-12-15 22:16:36",Finalizado,"2025-12-15 22:16:46",Finalizado,"2025-12-15 22:24:39",Finalizado,"2025-12-15 22:26:10",Finalizado,"2025-12-15 22:26:23",Finalizado,"2025-12-15 22:26:36",Finalizado,"2025-12-15 22:26:46",Finalizado,"2025-12-15 22:27:00",Finalizado,"2025-12-15 22:27:30",Finalizado,"2025-12-15 22:27:38",Finalizado,"2025-12-15 22:27:48",Finalizado,"2025-12-15 22:27:54",Finalizado,"2025-12-15 22:28:02",Finalizado,"2025-12-15 22:28:09",Finalizado,"2025-12-15 22:50:50",Finalizado,"2025-12-15 22:52:46",Finalizado,"2025-12-15 22:52:52",Finalizado,"2025-12-15 22:53:01",Finalizado,"2025-12-15 22:53:09",Finalizado,"2025-12-15 22:53:28",Finalizado,"2025-12-15 22:53:37",Finalizado,"2025-12-15 22:54:24",Finalizado,"2025-12-15 22:55:45",Finalizado,"2025-12-15 22:55:52",Finalizado,"2025-12-15 22:55:59",Finalizado,"2025-12-15 22:56:06","Finalizado (ha alcanzado la califiación de aprobado)","2025-12-15 23:01:04",Finalizado,"2025-12-15 23:02:01",Finalizado,"2025-12-15 23:02:51",Finalizado,"2025-12-15 23:03:12",Finalizado,"2025-12-15 23:03:20",Finalizado,"2025-12-15 23:04:10",Finalizado,"2025-12-15 23:04:17",Finalizado,"2025-12-15 23:04:23",Finalizado,"2025-12-15 23:04:30",Finalizado,"2025-12-15 23:04:39",Finalizado,"2025-12-15 23:05:13",Finalizado,"2025-12-15 23:05:24",Finalizado,"2025-12-15 23:05:37",Finalizado,"2025-12-15 23:05:46",Finalizado,"2025-12-15 23:05:57",Finalizado,"2025-12-15 23:16:45",Finalizado,"2025-12-15 23:17:23",Finalizado,"2025-12-15 23:17:53",Finalizado,"2025-12-15 23:23:19",Finalizado,"2025-12-15 23:23:29",Finalizado,"2025-12-15 23:23:42",Finalizado,"2025-12-15 23:23:57",Finalizado,"2025-12-15 23:24:03",Finalizado,"2025-12-15 23:24:33",Finalizado,"2025-12-15 23:24:42","No finalizado",,Finalizado,"2025-12-15 23:25:32",Finalizado,"2025-12-15 23:25:39",Finalizado,"2025-12-15 23:26:08",Finalizado,"2025-12-15 23:26:15",Finalizado,"2025-12-15 23:26:32",Finalizado,"2025-12-15 23:26:47",Finalizado,"2025-12-15 23:26:53",Finalizado,"2025-12-15 23:27:09",Finalizado,"2025-12-15 23:27:14",Finalizado,"2025-12-15 23:27:46",Finalizado,"2025-12-15 23:27:52",Finalizado,"2025-12-15 23:28:23",Finalizado,"2025-12-15 23:28:29",Finalizado,"2025-12-15 23:28:43",Finalizado,"2025-12-15 23:29:36","Finalizado (ha alcanzado la califiación de aprobado)","2025-12-15 23:33:31",Finalizado,"2025-12-15 23:34:21",Finalizado,"2025-12-15 23:39:09"
"Riderson Jesus Farfan",farfan91@gmail.com,Finalizado,"2025-12-10 10:31:54",Finalizado,"2025-12-10 10:32:02",Finalizado,"2025-12-10 10:35:11",Finalizado,"2025-12-10 10:35:53",Finalizado,"2025-12-10 10:35:59",Finalizado,"2025-12-10 10:36:05",Finalizado,"2025-12-10 10:36:11",Finalizado,"2025-12-10 10:36:20",Finalizado,"2025-12-10 10:36:27",Finalizado,"2025-12-10 10:36:57",Finalizado,"2025-12-10 10:37:31",Finalizado,"2025-12-10 10:37:38",Finalizado,"2025-12-10 10:37:43",Finalizado,"2025-12-10 10:37:52",Finalizado,"2025-12-10 10:39:44",Finalizado,"2025-12-10 10:41:33",Finalizado,"2025-12-10 10:41:41",Finalizado,"2025-12-10 10:41:47",Finalizado,"2025-12-10 10:42:00",Finalizado,"2025-12-10 10:42:10",Finalizado,"2025-12-10 10:42:16",Finalizado,"2025-12-10 10:42:37",Finalizado,"2025-12-10 10:43:15",Finalizado,"2025-12-10 10:43:31",Finalizado,"2025-12-10 10:43:35",Finalizado,"2025-12-10 10:43:51","Finalizado (ha alcanzado la califiación de aprobado)","2025-12-10 10:45:12",Finalizado,"2025-12-10 10:45:20",Finalizado,"2025-12-10 10:45:27",Finalizado,"2025-12-10 10:45:32",Finalizado,"2025-12-10 10:45:40",Finalizado,"2025-12-10 10:45:49",Finalizado,"2025-12-10 10:46:00",Finalizado,"2025-12-10 10:46:05",Finalizado,"2025-12-10 10:46:12",Finalizado,"2025-12-10 10:46:20",Finalizado,"2025-12-10 10:46:54",Finalizado,"2025-12-10 10:47:01",Finalizado,"2025-12-10 10:47:07",Finalizado,"2025-12-10 10:47:13",Finalizado,"2025-12-10 10:47:19",Finalizado,"2025-12-10 10:48:01",Finalizado,"2025-12-10 10:48:09",Finalizado,"2025-12-10 10:48:15",Finalizado,"2025-12-10 10:49:08",Finalizado,"2025-12-10 10:49:22",Finalizado,"2025-12-10 10:49:36",Finalizado,"2025-12-10 10:49:43",Finalizado,"2025-12-10 10:49:54",Finalizado,"2025-12-10 10:50:02",Finalizado,"2025-12-10 10:50:08","No finalizado",,Finalizado,"2025-12-10 10:50:14",Finalizado,"2025-12-10 10:50:21",Finalizado,"2025-12-10 10:50:28",Finalizado,"2025-12-10 10:50:37",Finalizado,"2025-12-10 10:50:44",Finalizado,"2025-12-10 10:50:49",Finalizado,"2025-12-10 10:50:54",Finalizado,"2025-12-10 10:51:05",Finalizado,"2025-12-10 10:51:13",Finalizado,"2025-12-10 10:51:19",Finalizado,"2025-12-10 10:51:25",Finalizado,"2025-12-10 10:51:31",Finalizado,"2025-12-10 10:51:38",Finalizado,"2025-12-10 10:51:43",Finalizado,"2025-12-10 10:51:50","Finalizado (ha alcanzado la califiación de aprobado)","2025-12-10 10:56:39",Finalizado,"2025-12-10 10:57:07",Finalizado,"2025-12-10 10:57:29"
"Sandra Milena Gallego Daza",sandrayloreinf@gmail.com,Finalizado,"2025-12-10 08:00:44",Finalizado,"2025-12-10 08:00:51",Finalizado,"2025-12-10 08:04:07",Finalizado,"2025-12-10 08:04:23",Finalizado,"2025-12-10 08:04:31",Finalizado,"2025-12-10 08:04:41",Finalizado,"2025-12-10 08:04:46",Finalizado,"2025-12-10 08:04:51",Finalizado,"2025-12-10 08:05:10",Finalizado,"2025-12-10 08:05:17",Finalizado,"2025-12-10 08:05:22",Finalizado,"2025-12-10 08:05:27",Finalizado,"2025-12-10 08:05:32",Finalizado,"2025-12-10 08:05:38",Finalizado,"2025-12-10 08:08:40",Finalizado,"2025-12-10 08:08:52",Finalizado,"2025-12-10 08:09:00",Finalizado,"2025-12-10 08:09:05",Finalizado,"2025-12-10 08:09:10",Finalizado,"2025-12-10 08:09:15",Finalizado,"2025-12-10 08:09:19",Finalizado,"2025-12-10 08:09:37",Finalizado,"2025-12-10 08:09:44",Finalizado,"2025-12-10 08:09:49",Finalizado,"2025-12-10 08:09:54",Finalizado,"2025-12-10 08:09:58","Finalizado (ha alcanzado la califiación de aprobado)","2025-12-10 08:11:24",Finalizado,"2025-12-10 08:11:39",Finalizado,"2025-12-10 08:11:44",Finalizado,"2025-12-10 08:11:56",Finalizado,"2025-12-10 08:12:02",Finalizado,"2025-12-10 08:12:07",Finalizado,"2025-12-10 08:12:11",Finalizado,"2025-12-10 08:12:16",Finalizado,"2025-12-10 08:12:21",Finalizado,"2025-12-10 08:12:26",Finalizado,"2025-12-10 08:12:45",Finalizado,"2025-12-10 08:12:57",Finalizado,"2025-12-10 08:13:04",Finalizado,"2025-12-10 08:13:09",Finalizado,"2025-12-10 08:13:14",Finalizado,"2025-12-10 08:13:59",Finalizado,"2025-12-10 08:14:08",Finalizado,"2025-12-10 08:14:13",Finalizado,"2025-12-10 08:17:38",Finalizado,"2025-12-10 08:17:49",Finalizado,"2025-12-10 08:17:54",Finalizado,"2025-12-10 08:17:59",Finalizado,"2025-12-10 08:18:03",Finalizado,"2025-12-10 08:18:08",Finalizado,"2025-12-10 08:18:13","No finalizado",,Finalizado,"2025-12-10 08:18:18",Finalizado,"2025-12-10 08:18:23",Finalizado,"2025-12-10 08:18:30",Finalizado,"2025-12-10 08:18:35",Finalizado,"2025-12-10 08:18:39",Finalizado,"2025-12-10 08:18:44",Finalizado,"2025-12-10 08:18:48",Finalizado,"2025-12-10 08:18:58",Finalizado,"2025-12-10 08:19:06",Finalizado,"2025-12-10 08:19:13",Finalizado,"2025-12-10 08:19:18",Finalizado,"2025-12-10 08:19:22",Finalizado,"2025-12-10 08:19:26",Finalizado,"2025-12-10 08:19:31",Finalizado,"2025-12-10 08:19:36","Finalizado (ha alcanzado la califiación de aprobado)","2025-12-10 08:23:39",Finalizado,"2025-12-10 08:24:39",Finalizado,"2025-12-10 08:50:07"
"Gerson Estiven Garcia Portocarrero",ggoficialoo@gmail.com,Finalizado,"2025-12-09 14:41:23",Finalizado,"2025-12-09 14:42:29",Finalizado,"2025-12-09 14:52:41",Finalizado,"2025-12-09 14:56:27",Finalizado,"2025-12-09 14:56:55",Finalizado,"2025-12-09 14:57:12",Finalizado,"2025-12-09 14:58:10",Finalizado,"2025-12-09 14:58:39",Finalizado,"2025-12-09 14:59:01",Finalizado,"2025-12-09 14:59:31",Finalizado,"2025-12-09 14:59:56",Finalizado,"2025-12-09 15:00:12",Finalizado,"2025-12-09 15:00:29",Finalizado,"2025-12-09 15:00:54",Finalizado,"2025-12-09 15:34:42",Finalizado,"2025-12-09 15:50:36",Finalizado,"2025-12-09 15:51:16",Finalizado,"2025-12-09 15:51:46",Finalizado,"2025-12-09 15:52:27",Finalizado,"2025-12-09 15:53:28",Finalizado,"2025-12-09 15:53:49",Finalizado,"2025-12-09 15:55:17",Finalizado,"2025-12-09 15:56:18",Finalizado,"2025-12-09 15:57:12",Finalizado,"2025-12-09 16:02:10",Finalizado,"2025-12-09 16:02:54","Finalizado (ha alcanzado la califiación de aprobado)","2025-12-09 18:33:24",Finalizado,"2025-12-09 18:34:19",Finalizado,"2025-12-09 18:34:55",Finalizado,"2025-12-09 18:35:20",Finalizado,"2025-12-09 18:35:52",Finalizado,"2025-12-09 18:36:19",Finalizado,"2025-12-09 18:37:40",Finalizado,"2025-12-09 18:38:18",Finalizado,"2025-12-10 09:06:36",Finalizado,"2025-12-10 09:06:52",Finalizado,"2025-12-10 09:07:20",Finalizado,"2025-12-10 09:07:33",Finalizado,"2025-12-10 09:07:40",Finalizado,"2025-12-10 09:07:53",Finalizado,"2025-12-10 09:08:33",Finalizado,"2025-12-10 09:10:17",Finalizado,"2025-12-10 09:10:29",Finalizado,"2025-12-10 09:10:52",Finalizado,"2025-12-10 09:17:37",Finalizado,"2025-12-10 09:17:46",Finalizado,"2025-12-10 09:17:52",Finalizado,"2025-12-10 09:17:59",Finalizado,"2025-12-10 09:18:17",Finalizado,"2025-12-10 09:18:27",Finalizado,"2025-12-10 09:18:55","No finalizado",,Finalizado,"2025-12-10 09:19:00",Finalizado,"2025-12-10 09:19:06",Finalizado,"2025-12-10 09:19:12",Finalizado,"2025-12-10 09:19:19",Finalizado,"2025-12-10 09:19:23",Finalizado,"2025-12-10 09:19:28",Finalizado,"2025-12-10 09:19:35",Finalizado,"2025-12-10 09:19:44",Finalizado,"2025-12-10 09:19:53",Finalizado,"2025-12-10 09:20:00",Finalizado,"2025-12-10 09:20:07",Finalizado,"2025-12-10 09:20:21",Finalizado,"2025-12-10 09:20:27",Finalizado,"2025-12-10 09:20:32",Finalizado,"2025-12-10 09:20:39","Finalizado (ha alcanzado la califiación de aprobado)","2025-12-10 09:24:09",Finalizado,"2025-12-10 09:25:05",Finalizado,"2025-12-10 09:25:36"
"Mariana Ortiz Guerra",ortizguerramariana25@gmail.com,Finalizado,"2025-12-09 14:44:44",Finalizado,"2025-12-09 14:44:59",Finalizado,"2025-12-09 14:52:39",Finalizado,"2025-12-11 10:41:54",Finalizado,"2025-12-11 10:41:59",Finalizado,"2025-12-11 10:42:04",Finalizado,"2025-12-11 10:42:08",Finalizado,"2025-12-11 10:42:13",Finalizado,"2025-12-11 10:42:17",Finalizado,"2025-12-11 10:42:22",Finalizado,"2025-12-11 10:42:26",Finalizado,"2025-12-11 10:42:30",Finalizado,"2025-12-11 10:42:35",Finalizado,"2025-12-11 10:42:39",Finalizado,"2025-12-11 10:43:24",Finalizado,"2025-12-11 10:43:33",Finalizado,"2025-12-11 10:43:38",Finalizado,"2025-12-11 10:43:43",Finalizado,"2025-12-11 10:43:47",Finalizado,"2025-12-11 10:43:52",Finalizado,"2025-12-11 10:43:56",Finalizado,"2025-12-11 10:44:25",Finalizado,"2025-12-11 10:44:32",Finalizado,"2025-12-11 10:44:38",Finalizado,"2025-12-11 10:44:42",Finalizado,"2025-12-11 10:44:46","Finalizado (ha alcanzado la califiación de aprobado)","2025-12-11 10:46:08",Finalizado,"2025-12-11 10:46:22",Finalizado,"2025-12-11 10:46:27",Finalizado,"2025-12-11 10:46:37",Finalizado,"2025-12-11 10:46:42",Finalizado,"2025-12-11 10:46:47",Finalizado,"2025-12-11 10:46:50",Finalizado,"2025-12-11 10:46:58",Finalizado,"2025-12-11 10:47:02",Finalizado,"2025-12-11 10:47:07",Finalizado,"2025-12-11 10:47:28",Finalizado,"2025-12-11 10:47:39",Finalizado,"2025-12-11 10:47:44",Finalizado,"2025-12-11 10:47:50",Finalizado,"2025-12-11 10:47:54",Finalizado,"2025-12-11 10:48:20",Finalizado,"2025-12-11 10:48:26",Finalizado,"2025-12-11 10:48:31",Finalizado,"2025-12-11 10:48:49",Finalizado,"2025-12-11 10:48:58",Finalizado,"2025-12-11 10:49:02",Finalizado,"2025-12-11 10:49:06",Finalizado,"2025-12-11 10:49:11",Finalizado,"2025-12-11 10:49:17",Finalizado,"2025-12-11 10:49:21","No finalizado",,Finalizado,"2025-12-11 10:49:25",Finalizado,"2025-12-11 10:49:30",Finalizado,"2025-12-11 10:49:38",Finalizado,"2025-12-11 10:49:44",Finalizado,"2025-12-11 10:49:47",Finalizado,"2025-12-11 10:49:52",Finalizado,"2025-12-11 10:50:11",Finalizado,"2025-12-11 10:50:30",Finalizado,"2025-12-11 10:50:37",Finalizado,"2025-12-11 10:50:42",Finalizado,"2025-12-11 10:50:47",Finalizado,"2025-12-11 10:50:51",Finalizado,"2025-12-11 10:50:55",Finalizado,"2025-12-11 10:50:59",Finalizado,"2025-12-11 10:51:04","Finalizado (ha alcanzado la califiación de aprobado)","2025-12-11 10:56:43",Finalizado,"2025-12-11 10:56:56",Finalizado,"2025-12-11 10:57:25"
"Samuel Caicedo Hurtado",caicedohurtadosamuel@gmaIl.com,Finalizado,"2025-12-10 11:43:52",Finalizado,"2025-12-10 11:44:00",Finalizado,"2025-12-10 11:50:18",Finalizado,"2025-12-10 11:50:39",Finalizado,"2025-12-10 11:50:44",Finalizado,"2025-12-10 11:50:49",Finalizado,"2025-12-10 11:52:15",Finalizado,"2025-12-10 11:52:20",Finalizado,"2025-12-10 11:52:25",Finalizado,"2025-12-10 11:52:30",Finalizado,"2025-12-10 11:52:35",Finalizado,"2025-12-10 11:52:40",Finalizado,"2025-12-10 11:52:45",Finalizado,"2025-12-10 11:52:50",Finalizado,"2025-12-10 11:54:46",Finalizado,"2025-12-10 11:55:06",Finalizado,"2025-12-10 11:55:12",Finalizado,"2025-12-10 11:55:18",Finalizado,"2025-12-10 11:55:23",Finalizado,"2025-12-10 11:55:34",Finalizado,"2025-12-10 11:55:40",Finalizado,"2025-12-10 11:56:01",Finalizado,"2025-12-10 11:56:08",Finalizado,"2025-12-10 11:56:13",Finalizado,"2025-12-10 11:56:18",Finalizado,"2025-12-10 11:56:22","Finalizado (ha alcanzado la califiación de aprobado)","2025-12-10 11:57:44",Finalizado,"2025-12-10 11:57:52",Finalizado,"2025-12-10 11:57:58",Finalizado,"2025-12-10 11:58:09",Finalizado,"2025-12-10 11:58:15",Finalizado,"2025-12-10 11:58:21",Finalizado,"2025-12-10 11:58:33",Finalizado,"2025-12-10 11:58:40",Finalizado,"2025-12-10 11:58:54",Finalizado,"2025-12-10 11:59:23",Finalizado,"2025-12-10 11:59:40",Finalizado,"2025-12-10 12:00:05",Finalizado,"2025-12-10 12:00:21",Finalizado,"2025-12-10 12:00:26",Finalizado,"2025-12-10 12:00:38",Finalizado,"2025-12-10 12:01:07",Finalizado,"2025-12-10 12:01:28",Finalizado,"2025-12-10 12:01:44",Finalizado,"2025-12-10 12:02:41",Finalizado,"2025-12-10 12:02:56",Finalizado,"2025-12-10 12:03:01",Finalizado,"2025-12-10 12:03:11",Finalizado,"2025-12-10 12:03:21",Finalizado,"2025-12-10 12:03:30",Finalizado,"2025-12-10 12:03:36","No finalizado",,Finalizado,"2025-12-10 12:03:47",Finalizado,"2025-12-10 12:03:52",Finalizado,"2025-12-10 12:03:57",Finalizado,"2025-12-10 12:04:46",Finalizado,"2025-12-10 12:04:51",Finalizado,"2025-12-10 12:05:01",Finalizado,"2025-12-10 12:05:05",Finalizado,"2025-12-10 12:05:41",Finalizado,"2025-12-10 12:06:09",Finalizado,"2025-12-10 12:06:14",Finalizado,"2025-12-10 12:06:22",Finalizado,"2025-12-10 12:06:26",Finalizado,"2025-12-10 12:06:31",Finalizado,"2025-12-10 12:06:35",Finalizado,"2025-12-10 12:06:40","Finalizado (ha alcanzado la califiación de aprobado)","2025-12-10 12:08:59",Finalizado,"2025-12-10 12:09:15",Finalizado,"2025-12-10 12:09:30"
"Sofia Joaquibioy Castaño",sjoaquibioycastano@gmail.com,Finalizado,"2025-12-09 14:43:31",Finalizado,"2025-12-09 14:43:48",Finalizado,"2025-12-09 14:53:34",Finalizado,"2025-12-09 22:30:02",Finalizado,"2025-12-09 22:30:27",Finalizado,"2025-12-09 22:30:35",Finalizado,"2025-12-09 22:30:55",Finalizado,"2025-12-09 22:31:03",Finalizado,"2025-12-09 22:31:59",Finalizado,"2025-12-09 22:32:04",Finalizado,"2025-12-09 22:32:13",Finalizado,"2025-12-09 22:32:20",Finalizado,"2025-12-09 22:32:29",Finalizado,"2025-12-09 22:32:37",Finalizado,"2025-12-09 22:52:25",Finalizado,"2025-12-09 22:55:40",Finalizado,"2025-12-09 22:55:49",Finalizado,"2025-12-09 22:55:54",Finalizado,"2025-12-09 22:56:10",Finalizado,"2025-12-09 22:56:32",Finalizado,"2025-12-09 22:56:39",Finalizado,"2025-12-09 22:57:19",Finalizado,"2025-12-09 22:58:01",Finalizado,"2025-12-09 22:58:09",Finalizado,"2025-12-09 22:58:18",Finalizado,"2025-12-09 22:58:26","Finalizado (ha alcanzado la califiación de aprobado)","2025-12-09 23:09:04",Finalizado,"2025-12-09 23:09:31",Finalizado,"2025-12-09 23:09:42",Finalizado,"2025-12-09 23:10:05",Finalizado,"2025-12-09 23:10:16",Finalizado,"2025-12-09 23:10:43",Finalizado,"2025-12-09 23:10:52",Finalizado,"2025-12-09 23:11:00",Finalizado,"2025-12-09 23:11:16",Finalizado,"2025-12-09 23:11:24",Finalizado,"2025-12-09 23:11:55",Finalizado,"2025-12-09 23:12:30",Finalizado,"2025-12-09 23:12:43",Finalizado,"2025-12-09 23:12:54",Finalizado,"2025-12-09 23:13:03",Finalizado,"2025-12-09 23:18:49",Finalizado,"2025-12-09 23:19:19",Finalizado,"2025-12-09 23:19:26",Finalizado,"2025-12-09 23:19:55",Finalizado,"2025-12-09 23:25:19",Finalizado,"2025-12-09 23:25:29",Finalizado,"2025-12-09 23:25:38",Finalizado,"2025-12-09 23:25:45",Finalizado,"2025-12-09 23:25:52",Finalizado,"2025-12-09 23:26:00","No finalizado",,Finalizado,"2025-12-09 23:26:08",Finalizado,"2025-12-09 23:26:18",Finalizado,"2025-12-09 23:26:28",Finalizado,"2025-12-09 23:26:35",Finalizado,"2025-12-09 23:26:43",Finalizado,"2025-12-09 23:26:56",Finalizado,"2025-12-09 23:27:02",Finalizado,"2025-12-09 23:27:20",Finalizado,"2025-12-09 23:27:28",Finalizado,"2025-12-09 23:27:35",Finalizado,"2025-12-09 23:27:43",Finalizado,"2025-12-09 23:27:51",Finalizado,"2025-12-09 23:27:59",Finalizado,"2025-12-09 23:28:07",Finalizado,"2025-12-09 23:28:16","Finalizado (ha alcanzado la califiación de aprobado)","2025-12-09 23:33:07",Finalizado,"2025-12-09 23:34:02",Finalizado,"2025-12-09 23:41:11"
"Mariana Lopez",lopezmariana4390@gmail.com,Finalizado,"2025-12-11 11:43:53",Finalizado,"2025-12-11 11:44:00",Finalizado,"2025-12-11 11:44:26",Finalizado,"2025-12-11 11:44:35",Finalizado,"2025-12-11 11:44:40",Finalizado,"2025-12-11 11:44:45",Finalizado,"2025-12-11 11:44:49",Finalizado,"2025-12-11 11:44:54",Finalizado,"2025-12-11 11:44:58",Finalizado,"2025-12-11 11:45:04",Finalizado,"2025-12-11 11:45:10",Finalizado,"2025-12-11 11:45:14",Finalizado,"2025-12-11 11:45:19",Finalizado,"2025-12-11 11:45:23",Finalizado,"2025-12-11 11:46:21",Finalizado,"2025-12-11 11:46:29",Finalizado,"2025-12-11 11:46:33",Finalizado,"2025-12-11 11:46:38",Finalizado,"2025-12-11 11:46:42",Finalizado,"2025-12-11 11:46:46",Finalizado,"2025-12-11 11:46:51",Finalizado,"2025-12-11 11:47:04",Finalizado,"2025-12-11 11:47:16",Finalizado,"2025-12-11 11:47:22",Finalizado,"2025-12-11 11:47:26",Finalizado,"2025-12-11 11:47:32","Finalizado (ha alcanzado la califiación de aprobado)","2025-12-11 11:49:11",Finalizado,"2025-12-11 11:51:10",Finalizado,"2025-12-11 11:51:35",Finalizado,"2025-12-11 11:51:49",Finalizado,"2025-12-11 11:52:01",Finalizado,"2025-12-11 11:52:09",Finalizado,"2025-12-11 11:58:19",Finalizado,"2025-12-11 11:58:26",Finalizado,"2025-12-11 12:00:00",Finalizado,"2025-12-11 13:04:32",Finalizado,"2025-12-11 13:08:48",Finalizado,"2025-12-11 13:09:03",Finalizado,"2025-12-11 13:09:11",Finalizado,"2025-12-11 13:09:16",Finalizado,"2025-12-11 13:09:22",Finalizado,"2025-12-11 13:09:52",Finalizado,"2025-12-11 13:10:01",Finalizado,"2025-12-11 13:10:07",Finalizado,"2025-12-11 13:10:23",Finalizado,"2025-12-11 13:10:35",Finalizado,"2025-12-11 13:10:41",Finalizado,"2025-12-11 13:10:46","No finalizado",,Finalizado,"2025-12-11 13:10:52",Finalizado,"2025-12-11 13:11:01","No finalizado",,Finalizado,"2025-12-11 13:11:09",Finalizado,"2025-12-11 13:11:22",Finalizado,"2025-12-11 13:11:29",Finalizado,"2025-12-11 13:11:35",Finalizado,"2025-12-11 13:11:44",Finalizado,"2025-12-11 13:11:50",Finalizado,"2025-12-11 13:11:54",Finalizado,"2025-12-11 13:12:05",Finalizado,"2025-12-11 13:12:14",Finalizado,"2025-12-11 13:12:19",Finalizado,"2025-12-11 13:12:26",Finalizado,"2025-12-11 13:12:31",Finalizado,"2025-12-11 13:12:37",Finalizado,"2025-12-11 13:12:43",Finalizado,"2025-12-11 13:12:49","Finalizado (ha alcanzado la califiación de aprobado)","2025-12-11 13:17:19",Finalizado,"2025-12-11 13:17:29",Finalizado,"2025-12-11 13:17:52"
"Jhonatan Noel Mendez",jhonatanoelmendez@gmail.com,Finalizado,"2025-12-10 11:03:05",Finalizado,"2025-12-10 11:03:14",Finalizado,"2025-12-10 11:06:25",Finalizado,"2025-12-10 11:06:50",Finalizado,"2025-12-10 11:06:56",Finalizado,"2025-12-10 11:07:02",Finalizado,"2025-12-10 11:07:10",Finalizado,"2025-12-10 11:07:17",Finalizado,"2025-12-10 11:07:25",Finalizado,"2025-12-10 11:07:36",Finalizado,"2025-12-10 11:07:50",Finalizado,"2025-12-10 11:07:59",Finalizado,"2025-12-10 11:08:25",Finalizado,"2025-12-10 11:08:48",Finalizado,"2025-12-10 11:11:09",Finalizado,"2025-12-10 11:11:18",Finalizado,"2025-12-10 11:11:26",Finalizado,"2025-12-10 11:11:37",Finalizado,"2025-12-10 11:11:49",Finalizado,"2025-12-10 11:12:03",Finalizado,"2025-12-10 11:12:20",Finalizado,"2025-12-10 11:12:44",Finalizado,"2025-12-10 11:13:15",Finalizado,"2025-12-10 11:13:32",Finalizado,"2025-12-10 11:13:42",Finalizado,"2025-12-10 11:13:50","Finalizado (ha alcanzado la califiación de aprobado)","2025-12-10 11:26:39",Finalizado,"2025-12-10 11:26:46",Finalizado,"2025-12-10 11:26:52",Finalizado,"2025-12-10 11:27:03",Finalizado,"2025-12-10 11:27:08",Finalizado,"2025-12-10 11:27:13",Finalizado,"2025-12-10 11:27:26",Finalizado,"2025-12-10 11:27:35",Finalizado,"2025-12-10 11:27:44",Finalizado,"2025-12-10 11:27:51",Finalizado,"2025-12-10 11:28:21",Finalizado,"2025-12-10 11:28:32",Finalizado,"2025-12-10 11:28:38",Finalizado,"2025-12-10 11:28:53",Finalizado,"2025-12-10 11:29:09",Finalizado,"2025-12-10 11:29:52",Finalizado,"2025-12-10 11:30:01",Finalizado,"2025-12-10 11:30:06",Finalizado,"2025-12-10 11:30:58",Finalizado,"2025-12-10 11:31:21",Finalizado,"2025-12-10 11:31:27",Finalizado,"2025-12-10 11:31:39",Finalizado,"2025-12-10 11:31:44",Finalizado,"2025-12-10 11:31:50",Finalizado,"2025-12-10 11:31:55","No finalizado",,Finalizado,"2025-12-10 11:32:09",Finalizado,"2025-12-10 11:32:18",Finalizado,"2025-12-10 11:32:27",Finalizado,"2025-12-10 11:32:34",Finalizado,"2025-12-10 11:32:39",Finalizado,"2025-12-10 11:32:49",Finalizado,"2025-12-10 11:33:02",Finalizado,"2025-12-10 11:33:11",Finalizado,"2025-12-10 11:33:23",Finalizado,"2025-12-10 11:33:43",Finalizado,"2025-12-10 11:33:47",Finalizado,"2025-12-10 11:33:56",Finalizado,"2025-12-10 11:34:04",Finalizado,"2025-12-10 11:34:13",Finalizado,"2025-12-10 11:34:19","Finalizado (ha alcanzado la califiación de aprobado)","2025-12-10 11:39:29",Finalizado,"2025-12-10 11:39:51",Finalizado,"2025-12-10 11:40:29"
"Laura Usma Morera",laurausma2006@gmail.com,Finalizado,"2025-12-09 16:23:01",Finalizado,"2025-12-09 16:23:25",Finalizado,"2025-12-09 16:30:23",Finalizado,"2025-12-09 16:31:31",Finalizado,"2025-12-09 16:31:39",Finalizado,"2025-12-09 16:31:44",Finalizado,"2025-12-09 16:31:53",Finalizado,"2025-12-09 16:31:58",Finalizado,"2025-12-09 16:32:25",Finalizado,"2025-12-09 16:32:31",Finalizado,"2025-12-09 16:32:39",Finalizado,"2025-12-09 16:32:46",Finalizado,"2025-12-09 16:32:51",Finalizado,"2025-12-09 16:32:56",Finalizado,"2025-12-09 16:37:08",Finalizado,"2025-12-09 16:49:12",Finalizado,"2025-12-09 16:49:18",Finalizado,"2025-12-09 16:49:23",Finalizado,"2025-12-09 16:49:29",Finalizado,"2025-12-09 16:49:40",Finalizado,"2025-12-09 16:49:49",Finalizado,"2025-12-09 16:50:32",Finalizado,"2025-12-09 16:50:44",Finalizado,"2025-12-09 16:50:52",Finalizado,"2025-12-09 16:51:00",Finalizado,"2025-12-09 16:51:05","Finalizado (ha alcanzado la califiación de aprobado)","2025-12-09 16:55:58",Finalizado,"2025-12-09 16:56:24",Finalizado,"2025-12-09 16:56:29",Finalizado,"2025-12-09 16:57:27",Finalizado,"2025-12-09 16:57:32",Finalizado,"2025-12-09 16:57:37",Finalizado,"2025-12-09 16:57:42",Finalizado,"2025-12-09 16:57:47",Finalizado,"2025-12-09 16:57:57",Finalizado,"2025-12-09 16:58:03",Finalizado,"2025-12-09 16:58:36",Finalizado,"2025-12-09 16:59:05",Finalizado,"2025-12-09 16:59:38",Finalizado,"2025-12-09 16:59:44",Finalizado,"2025-12-09 16:59:49",Finalizado,"2025-12-09 17:03:34",Finalizado,"2025-12-09 17:03:47",Finalizado,"2025-12-09 17:03:53",Finalizado,"2025-12-09 17:09:15",Finalizado,"2025-12-09 17:15:29",Finalizado,"2025-12-09 17:15:35",Finalizado,"2025-12-09 17:15:41",Finalizado,"2025-12-09 17:15:46",Finalizado,"2025-12-09 17:15:51",Finalizado,"2025-12-09 17:15:56","No finalizado",,Finalizado,"2025-12-09 17:16:00",Finalizado,"2025-12-09 17:16:06",Finalizado,"2025-12-09 17:16:16",Finalizado,"2025-12-09 17:16:22",Finalizado,"2025-12-09 17:16:27",Finalizado,"2025-12-09 17:16:31",Finalizado,"2025-12-09 17:16:36",Finalizado,"2025-12-09 17:16:54",Finalizado,"2025-12-09 17:17:04",Finalizado,"2025-12-09 17:17:09",Finalizado,"2025-12-09 17:17:14",Finalizado,"2025-12-09 17:17:18",Finalizado,"2025-12-09 17:17:23",Finalizado,"2025-12-09 17:17:28",Finalizado,"2025-12-09 17:17:33","Finalizado (ha alcanzado la califiación de aprobado)","2025-12-09 17:26:57",Finalizado,"2025-12-09 17:27:38",Finalizado,"2025-12-09 17:28:57"
"Maria Paula Ortiz Ordoñez",julianandresortizcifuentes@gmail.com,Finalizado,"2025-12-10 02:10:12",Finalizado,"2025-12-10 02:10:20",Finalizado,"2025-12-10 02:13:10",Finalizado,"2025-12-10 02:13:21",Finalizado,"2025-12-10 02:13:29",Finalizado,"2025-12-10 02:13:33",Finalizado,"2025-12-10 02:13:36",Finalizado,"2025-12-10 02:14:15",Finalizado,"2025-12-10 02:14:20",Finalizado,"2025-12-10 02:15:22",Finalizado,"2025-12-10 02:15:26",Finalizado,"2025-12-10 02:15:30",Finalizado,"2025-12-10 02:15:42",Finalizado,"2025-12-10 02:15:45",Finalizado,"2025-12-10 02:21:27",Finalizado,"2025-12-10 02:22:08",Finalizado,"2025-12-10 02:22:18",Finalizado,"2025-12-10 02:22:29",Finalizado,"2025-12-10 02:22:37",Finalizado,"2025-12-10 02:23:44",Finalizado,"2025-12-10 02:23:48",Finalizado,"2025-12-10 02:27:30",Finalizado,"2025-12-10 02:27:40",Finalizado,"2025-12-10 02:27:46",Finalizado,"2025-12-10 02:27:50",Finalizado,"2025-12-10 02:27:54","Finalizado (ha alcanzado la califiación de aprobado)","2025-12-10 02:30:19",Finalizado,"2025-12-10 02:30:38",Finalizado,"2025-12-10 02:30:44",Finalizado,"2025-12-10 02:31:04",Finalizado,"2025-12-10 02:31:16",Finalizado,"2025-12-10 02:31:20",Finalizado,"2025-12-10 02:31:26",Finalizado,"2025-12-10 02:31:30",Finalizado,"2025-12-10 02:31:41",Finalizado,"2025-12-10 02:31:50",Finalizado,"2025-12-10 02:32:18",Finalizado,"2025-12-10 02:32:36",Finalizado,"2025-12-10 02:32:40",Finalizado,"2025-12-10 02:32:44",Finalizado,"2025-12-10 02:32:48",Finalizado,"2025-12-10 02:33:19",Finalizado,"2025-12-10 02:33:24",Finalizado,"2025-12-10 02:33:29",Finalizado,"2025-12-10 02:35:16",Finalizado,"2025-12-10 02:35:31",Finalizado,"2025-12-10 02:35:34",Finalizado,"2025-12-10 02:35:40",Finalizado,"2025-12-10 02:35:45",Finalizado,"2025-12-10 02:35:49",Finalizado,"2025-12-10 02:35:55","No finalizado",,Finalizado,"2025-12-10 02:36:03",Finalizado,"2025-12-10 02:36:08",Finalizado,"2025-12-10 02:36:24",Finalizado,"2025-12-10 02:36:33",Finalizado,"2025-12-10 02:36:55",Finalizado,"2025-12-10 02:36:58",Finalizado,"2025-12-10 02:37:05",Finalizado,"2025-12-10 02:37:30",Finalizado,"2025-12-10 02:37:43",Finalizado,"2025-12-10 02:37:47",Finalizado,"2025-12-10 02:37:51",Finalizado,"2025-12-10 02:38:06",Finalizado,"2025-12-10 02:38:21",Finalizado,"2025-12-10 02:38:25",Finalizado,"2025-12-10 02:38:30","Finalizado (ha alcanzado la califiación de aprobado)","2025-12-10 02:41:17",Finalizado,"2025-12-10 02:41:35",Finalizado,"2025-12-10 02:41:45"
"Nicolas Escobar Ospina",nicolasospi560@gmail.com,Finalizado,"2025-12-11 09:16:48",Finalizado,"2025-12-11 09:17:08",Finalizado,"2025-12-11 09:17:58",Finalizado,"2025-12-11 09:18:41",Finalizado,"2025-12-11 09:18:49",Finalizado,"2025-12-11 09:18:56",Finalizado,"2025-12-11 09:19:02",Finalizado,"2025-12-11 09:19:15",Finalizado,"2025-12-11 09:19:24",Finalizado,"2025-12-11 09:19:39",Finalizado,"2025-12-11 09:19:46",Finalizado,"2025-12-11 09:19:52",Finalizado,"2025-12-11 09:19:57",Finalizado,"2025-12-11 09:20:04",Finalizado,"2025-12-11 09:22:06",Finalizado,"2025-12-11 09:22:34",Finalizado,"2025-12-11 09:22:43",Finalizado,"2025-12-11 09:22:51",Finalizado,"2025-12-11 09:22:58",Finalizado,"2025-12-11 09:23:08",Finalizado,"2025-12-11 09:23:15",Finalizado,"2025-12-11 09:24:15",Finalizado,"2025-12-11 09:24:37",Finalizado,"2025-12-11 09:24:42",Finalizado,"2025-12-11 09:24:47",Finalizado,"2025-12-11 09:24:52","Finalizado (ha alcanzado la califiación de aprobado)","2025-12-11 09:52:10",Finalizado,"2025-12-11 09:52:54",Finalizado,"2025-12-11 09:53:00",Finalizado,"2025-12-11 09:53:22",Finalizado,"2025-12-11 09:53:28",Finalizado,"2025-12-11 09:53:33",Finalizado,"2025-12-11 09:53:38",Finalizado,"2025-12-11 09:53:43",Finalizado,"2025-12-11 09:53:47",Finalizado,"2025-12-11 09:53:51",Finalizado,"2025-12-11 09:54:35",Finalizado,"2025-12-11 09:54:52",Finalizado,"2025-12-11 09:55:02",Finalizado,"2025-12-11 09:55:07",Finalizado,"2025-12-11 09:55:12",Finalizado,"2025-12-11 09:56:44",Finalizado,"2025-12-11 09:56:51",Finalizado,"2025-12-11 09:56:58",Finalizado,"2025-12-11 09:57:45","No finalizado",,Finalizado,"2025-12-11 09:58:02",Finalizado,"2025-12-11 09:58:18","No finalizado",,Finalizado,"2025-12-11 09:58:28",Finalizado,"2025-12-11 09:58:35","No finalizado",,Finalizado,"2025-12-11 09:58:40",Finalizado,"2025-12-11 09:58:44",Finalizado,"2025-12-11 09:58:55",Finalizado,"2025-12-11 09:59:00",Finalizado,"2025-12-11 09:59:04",Finalizado,"2025-12-11 09:59:09",Finalizado,"2025-12-11 09:59:13",Finalizado,"2025-12-11 09:59:51",Finalizado,"2025-12-11 10:00:00",Finalizado,"2025-12-11 10:00:04",Finalizado,"2025-12-11 10:00:09",Finalizado,"2025-12-11 10:00:13",Finalizado,"2025-12-11 10:00:18",Finalizado,"2025-12-11 10:00:22",Finalizado,"2025-12-11 10:00:27","Finalizado (ha alcanzado la califiación de aprobado)","2025-12-11 10:11:27",Finalizado,"2025-12-11 10:11:52",Finalizado,"2025-12-11 10:12:04"
"Mariana Viera Palacios",marianaviera17@gmail.com,Finalizado,"2025-12-11 10:15:12",Finalizado,"2025-12-11 10:15:19",Finalizado,"2025-12-11 10:16:06",Finalizado,"2025-12-11 10:16:19",Finalizado,"2025-12-11 10:16:27",Finalizado,"2025-12-11 10:16:31",Finalizado,"2025-12-11 10:16:36",Finalizado,"2025-12-11 10:16:40",Finalizado,"2025-12-11 10:16:45",Finalizado,"2025-12-11 10:16:50",Finalizado,"2025-12-11 10:16:55",Finalizado,"2025-12-11 10:17:00",Finalizado,"2025-12-11 10:17:05",Finalizado,"2025-12-11 10:17:10",Finalizado,"2025-12-11 10:18:36",Finalizado,"2025-12-11 10:18:52",Finalizado,"2025-12-11 10:18:59",Finalizado,"2025-12-11 10:19:04",Finalizado,"2025-12-11 10:19:09",Finalizado,"2025-12-11 10:19:14",Finalizado,"2025-12-11 10:19:19",Finalizado,"2025-12-11 10:19:46",Finalizado,"2025-12-11 10:19:55",Finalizado,"2025-12-11 10:20:01",Finalizado,"2025-12-11 10:20:05",Finalizado,"2025-12-11 10:20:10","Finalizado (ha alcanzado la califiación de aprobado)","2025-12-11 10:22:14",Finalizado,"2025-12-11 10:22:46",Finalizado,"2025-12-11 10:22:51",Finalizado,"2025-12-11 10:23:00",Finalizado,"2025-12-11 10:23:06",Finalizado,"2025-12-11 10:23:11",Finalizado,"2025-12-11 10:23:16",Finalizado,"2025-12-11 10:23:20",Finalizado,"2025-12-11 10:23:25",Finalizado,"2025-12-11 10:23:29",Finalizado,"2025-12-11 10:23:53",Finalizado,"2025-12-11 10:24:08",Finalizado,"2025-12-11 10:24:15",Finalizado,"2025-12-11 10:24:20",Finalizado,"2025-12-11 10:24:26",Finalizado,"2025-12-11 10:24:51",Finalizado,"2025-12-11 10:25:00",Finalizado,"2025-12-11 10:25:06",Finalizado,"2025-12-11 10:25:39",Finalizado,"2025-12-11 10:25:59",Finalizado,"2025-12-11 10:26:05",Finalizado,"2025-12-11 10:26:10",Finalizado,"2025-12-11 10:26:14",Finalizado,"2025-12-11 10:26:19",Finalizado,"2025-12-11 10:26:23","No finalizado",,Finalizado,"2025-12-11 10:26:28",Finalizado,"2025-12-11 10:26:33",Finalizado,"2025-12-11 10:26:41",Finalizado,"2025-12-11 10:26:46",Finalizado,"2025-12-11 10:26:50",Finalizado,"2025-12-11 10:26:55",Finalizado,"2025-12-11 10:26:59",Finalizado,"2025-12-11 10:27:23",Finalizado,"2025-12-11 10:27:31",Finalizado,"2025-12-11 10:27:38",Finalizado,"2025-12-11 10:27:43",Finalizado,"2025-12-11 10:27:47",Finalizado,"2025-12-11 10:27:51",Finalizado,"2025-12-11 10:27:56",Finalizado,"2025-12-11 10:28:00","Finalizado (ha alcanzado la califiación de aprobado)","2025-12-11 10:35:02",Finalizado,"2025-12-11 10:36:06",Finalizado,"2025-12-11 10:36:19"
"Josymar Kamila Parra Montenegro",jossymarparracole@gmail.com,Finalizado,"2025-12-10 09:52:37",Finalizado,"2025-12-10 09:52:43",Finalizado,"2025-12-10 09:54:52",Finalizado,"2025-12-10 09:55:10",Finalizado,"2025-12-10 09:55:17",Finalizado,"2025-12-10 09:55:28",Finalizado,"2025-12-10 09:55:34",Finalizado,"2025-12-10 09:55:41",Finalizado,"2025-12-10 09:55:45",Finalizado,"2025-12-10 09:55:56",Finalizado,"2025-12-10 09:56:04",Finalizado,"2025-12-10 09:56:11",Finalizado,"2025-12-10 09:56:17",Finalizado,"2025-12-10 09:56:22",Finalizado,"2025-12-10 09:58:53",Finalizado,"2025-12-10 09:59:12",Finalizado,"2025-12-10 09:59:18",Finalizado,"2025-12-10 09:59:25",Finalizado,"2025-12-10 09:59:32",Finalizado,"2025-12-10 09:59:42",Finalizado,"2025-12-10 09:59:48",Finalizado,"2025-12-10 10:00:08",Finalizado,"2025-12-10 10:00:16",Finalizado,"2025-12-10 10:00:21",Finalizado,"2025-12-10 10:00:26",Finalizado,"2025-12-10 10:00:30","Finalizado (ha alcanzado la califiación de aprobado)","2025-12-10 10:01:38",Finalizado,"2025-12-10 10:01:49",Finalizado,"2025-12-10 10:01:55",Finalizado,"2025-12-10 10:02:01",Finalizado,"2025-12-10 10:02:08",Finalizado,"2025-12-10 10:02:40",Finalizado,"2025-12-10 10:02:46",Finalizado,"2025-12-10 10:02:55",Finalizado,"2025-12-10 10:03:13",Finalizado,"2025-12-10 10:03:19",Finalizado,"2025-12-10 10:03:41",Finalizado,"2025-12-10 10:03:55",Finalizado,"2025-12-10 10:04:03",Finalizado,"2025-12-10 10:04:10",Finalizado,"2025-12-10 10:04:18",Finalizado,"2025-12-10 10:20:18",Finalizado,"2025-12-10 10:20:26",Finalizado,"2025-12-10 10:20:34",Finalizado,"2025-12-10 10:21:37",Finalizado,"2025-12-10 10:21:44",Finalizado,"2025-12-10 10:21:49",Finalizado,"2025-12-10 10:21:54",Finalizado,"2025-12-10 10:21:57",Finalizado,"2025-12-10 10:22:02",Finalizado,"2025-12-10 10:22:08","No finalizado",,Finalizado,"2025-12-10 10:22:14",Finalizado,"2025-12-10 10:22:27",Finalizado,"2025-12-10 10:22:33",Finalizado,"2025-12-10 10:22:48",Finalizado,"2025-12-10 10:22:58",Finalizado,"2025-12-10 10:23:03",Finalizado,"2025-12-10 10:23:08",Finalizado,"2025-12-10 10:23:18",Finalizado,"2025-12-10 10:23:25",Finalizado,"2025-12-10 10:23:29",Finalizado,"2025-12-10 10:23:35",Finalizado,"2025-12-10 10:23:40",Finalizado,"2025-12-10 10:23:44",Finalizado,"2025-12-10 10:23:50",Finalizado,"2025-12-10 10:23:55","Finalizado (ha alcanzado la califiación de aprobado)","2025-12-10 10:26:35",Finalizado,"2025-12-10 10:26:48",Finalizado,"2025-12-10 10:27:12"
"Asly Mariana Valencia Carmona",aslymaria123@gmail.com,Finalizado,"2025-12-11 11:25:57",Finalizado,"2025-12-11 11:26:03",Finalizado,"2025-12-11 11:26:25",Finalizado,"2025-12-11 11:26:35",Finalizado,"2025-12-11 11:26:44",Finalizado,"2025-12-11 11:26:48",Finalizado,"2025-12-11 11:26:53",Finalizado,"2025-12-11 11:26:59",Finalizado,"2025-12-11 11:27:04",Finalizado,"2025-12-11 11:27:09",Finalizado,"2025-12-11 11:27:13",Finalizado,"2025-12-11 11:27:17",Finalizado,"2025-12-11 11:27:22",Finalizado,"2025-12-11 11:27:26",Finalizado,"2025-12-11 11:28:25",Finalizado,"2025-12-11 11:28:37",Finalizado,"2025-12-11 11:28:41",Finalizado,"2025-12-11 11:28:48",Finalizado,"2025-12-11 11:28:52",Finalizado,"2025-12-11 11:28:57",Finalizado,"2025-12-11 11:29:02",Finalizado,"2025-12-11 11:29:17",Finalizado,"2025-12-11 11:29:26",Finalizado,"2025-12-11 11:29:31",Finalizado,"2025-12-11 11:29:36",Finalizado,"2025-12-11 11:29:40","Finalizado (ha alcanzado la califiación de aprobado)","2025-12-11 11:31:21",Finalizado,"2025-12-11 11:31:41",Finalizado,"2025-12-11 11:31:48",Finalizado,"2025-12-11 11:31:54",Finalizado,"2025-12-11 11:32:00",Finalizado,"2025-12-11 11:32:04",Finalizado,"2025-12-11 11:32:09",Finalizado,"2025-12-11 11:32:13",Finalizado,"2025-12-11 11:32:18",Finalizado,"2025-12-11 11:32:23",Finalizado,"2025-12-11 11:32:45",Finalizado,"2025-12-11 11:32:57",Finalizado,"2025-12-11 11:33:06",Finalizado,"2025-12-11 11:33:12",Finalizado,"2025-12-11 11:33:16",Finalizado,"2025-12-11 11:33:47",Finalizado,"2025-12-11 11:33:54",Finalizado,"2025-12-11 11:34:00",Finalizado,"2025-12-11 11:34:15",Finalizado,"2025-12-11 11:34:23",Finalizado,"2025-12-11 11:34:27",Finalizado,"2025-12-11 11:34:31",Finalizado,"2025-12-11 11:34:37",Finalizado,"2025-12-11 11:34:42",Finalizado,"2025-12-11 11:34:46","No finalizado",,Finalizado,"2025-12-11 11:34:51",Finalizado,"2025-12-11 11:34:55",Finalizado,"2025-12-11 11:35:01",Finalizado,"2025-12-11 11:35:06",Finalizado,"2025-12-11 11:35:11",Finalizado,"2025-12-11 11:35:15",Finalizado,"2025-12-11 11:35:19",Finalizado,"2025-12-11 11:35:43",Finalizado,"2025-12-11 11:35:53",Finalizado,"2025-12-11 11:35:57",Finalizado,"2025-12-11 11:36:01",Finalizado,"2025-12-11 11:36:05",Finalizado,"2025-12-11 11:36:10",Finalizado,"2025-12-11 11:36:15",Finalizado,"2025-12-11 11:36:19","Finalizado (ha alcanzado la califiación de aprobado)","2025-12-11 11:40:51",Finalizado,"2025-12-11 11:41:06",Finalizado,"2025-12-11 11:41:21"
